[{"id":"123456789","name":"Rohan","address":"311452","fnd":"43","pa":"99","bee":"99","dsa":"99","iot":"99","average":87.8,"totalmarks":439,"grade":"A"},{"id":"123456789","name":"Rohan","address":"311452","fnd":"43","pa":"99","bee":"99","dsa":"99","iot":"99","average":87.8,"totalmarks":439,"grade":"A"},{"id":"123456789","name":"Rohan","address":"311452","fnd":"43","pa":"99","bee":"99","dsa":"99","iot":"99","average":87.8,"totalmarks":439,"grade":"A"},{"id":"123456789","name":"Rohan","address":"311452","fnd":"43","pa":"99","bee":"99","dsa":"99","iot":"99","average":87.8,"totalmarks":439,"grade":"A"},{"id":"123456","name":"Rohan bindal ","address":"311452","fnd":"60","pa":"35","bee":"60","dsa":"50","iot":"60","average":53,"totalmarks":265,"grade":"A"}]